TDSFU Daily run: Mon Oct 27 13:43:22 UTC 2025 TDSFU
TDSFU Daily run: Tue Oct 28 04:45:22 UTC 2025 TDSFU
TDSFU Daily run: Wed Oct 29 04:49:50 UTC 2025 TDSFU
TDSFU Daily run: Thu Oct 30 04:44:20 UTC 2025 TDSFU
TDSFU Daily run: Fri Oct 31 04:36:14 UTC 2025 TDSFU
TDSFU Daily run: Sat Nov  1 04:32:07 UTC 2025 TDSFU
TDSFU Daily run: Sun Nov  2 04:34:47 UTC 2025 TDSFU
TDSFU Daily run: Mon Nov  3 04:40:43 UTC 2025 TDSFU
TDSFU Daily run: Tue Nov  4 04:34:49 UTC 2025 TDSFU
TDSFU Daily run: Wed Nov  5 04:35:31 UTC 2025 TDSFU
TDSFU Daily run: Thu Nov  6 04:40:21 UTC 2025 TDSFU
TDSFU Daily run: Fri Nov  7 04:34:56 UTC 2025 TDSFU
TDSFU Daily run: Sat Nov  8 04:33:49 UTC 2025 TDSFU
TDSFU Daily run: Sun Nov  9 04:34:10 UTC 2025 TDSFU
TDSFU Daily run: Mon Nov 10 04:39:22 UTC 2025 TDSFU
TDSFU Daily run: Tue Nov 11 04:36:44 UTC 2025 TDSFU
